{
  "images" : [
    {
      "idiom" : "universal",
      "scale" : "1x"
    },
    {
      "idiom" : "universal",
      "scale" : "2x"
    },
    {
      "idiom" : "iphone",
      "scale" : "1x",
      "filename" : "loginBackground.png"
    },
    {
      "idiom" : "iphone",
      "scale" : "2x",
      "filename" : "loginBackground@2x.png"
    },
    {
      "idiom" : "iphone",
      "filename" : "loginBackground-568h@2x.png",
      "subtype" : "retina4",
      "scale" : "2x"
    }
  ],
  "info" : {
    "version" : 1,
    "author" : "xcode"
  }
}